{
  "epoch": [
    1,
    2,
    3,
    4,
    5,
    6,
    7,
    8,
    9,
    10,
    11,
    12
  ],
  "train_loss": [
    0.3309534243106842,
    0.1524562077641487,
    0.12615514049132664,
    0.10684140242536863,
    0.0924171489795049,
    0.08024883939226468,
    0.06947226011753083,
    0.061505243801077206,
    0.05630456669231256,
    0.052460965738693875,
    0.045099555685122805,
    0.043065844841798144
  ],
  "train_acc": [
    0.8972166666666667,
    0.9533333333333334,
    0.9627166666666667,
    0.96865,
    0.9730333333333333,
    0.97565,
    0.9795333333333334,
    0.9812833333333333,
    0.9835666666666667,
    0.98395,
    0.9864,
    0.9876166666666667
  ],
  "test_loss": [
    0.04454149347040802,
    0.03738383645298891,
    0.03638522195635596,
    0.032845071838377045,
    0.02816013417840004,
    0.02766435120227252,
    0.023056877088116018,
    0.020354409870470408,
    0.01956580742018414,
    0.019081716987244726,
    0.018458452160867455,
    0.01829586348024095
  ],
  "test_acc": [
    0.9859,
    0.989,
    0.9877,
    0.9901,
    0.9916,
    0.9911,
    0.993,
    0.9931,
    0.9935,
    0.994,
    0.994,
    0.994
  ]
}